<graphs>
  <graph name='EKF/Normalised GPS Innovations'>
    <description>Normalised GPS Innovations</description>
    <expression>XKF4.SV XKF4.SP XKF9.SV XKF9.SP</expression>
    <expression>EKF4.SV EKF4.SP XKF4.SV XKF4.SP</expression>
    <expression>EKF4.SV EKF4.SP</expression>
  </graph>

  <graph name='EKF/Normalised GPS Innovations - EKF1'>
    <description>Normalised GPS Innovations - EKF1</description>
    <expression>EKF4.SV EKF4.SP</expression>
  </graph>

  <graph name='EKF/Normalised GPS Innovations - EKF3'>
  <expression>XKF4.SV XKF4.SP XKF9.SV XKF9.SP</expression>
    <description>Normalised GPS Innovations - EKF3</description>
    <expression>XKF4.SV XKF4.SP</expression>
  </graph>

  <graph name='EKF/Normalised Innovations - EKF1'>
    <description>Normalised Innovations - EKF1</description>
    <expression>EKF4.SV EKF4.SP EKF4.SH sqrt(EKF4.SMX*EKF4.SMX+EKF4.SMY*EKF4.SMY+EKF4.SMZ*EKF4.SMZ) EKF4.SVT</expression>
  </graph>

  <graph name='EKF/Normalised Innovations - EKF3'>
    <description>Normalised Innovations - EKF3</description>
    <expression>XKF4.SV XKF4.SP XKF4.SH XKF4.SM XKF4.SVT XKF9.SV XKF9.SP XKF9.SH XKF9.SM XKF9.SVT</expression>
    <expression>XKF4.SV XKF4.SP XKF4.SH XKF4.SM XKF4.SVT</expression>
  </graph>

  <graph name='EKF/Normalised Altimeter Innovations'>
    <description>Normalised Altimeter Innovations</description>
    <expression>XKF4.SH XKF9.SH</expression>
    <expression>EKF4.SH XKF4.SH</expression>
    <expression>EKF4.SH</expression>
  </graph>

  <graph name='EKF/Normalised Airspeed Innovations'>
    <description>Normalised Airspeed Innovations</description>
    <expression>EKF4.SVT XKF4.SVT</expression>
    <expression>EKF4.SVT</expression>
    <expression>XKF4.SVT XKF9.SVT</expression>
  </graph>

  <graph name='EKF/Normalised Magnetometer Innovations'>
  <expression>XKF4.SMX XKF4.SMY EKF9.SMZ XKF9.SM</expression>
    <description>Normalised Magnetometer Innovations</description>
    <expression>EKF4.SMX EKF4.SMY EKF4.SMZ XKF4.SM</expression>
    <expression>EKF4.SMX EKF4.SMY EKF4.SMZ</expression>
  </graph>

  <graph name='EKF/Normalised Magnetometer Innovations - EKF1'>
    <description>Normalised Magnetometer Innovations - EKF1</description>
    <expression>EKF4.SMX EKF4.SMY EKF4.SMZ</expression>
  </graph>

  <graph name='EKF/Normalised Magnetometer Innovations - EKF3'>
    <description>Normalised Magnetometer Innovations - EKF3</description>
    <expression>XKF4.SM XKF9.SM</expression>
    <expression>XKF4.SM</expression>
  </graph>

  <graph name='EKF/Angular Alignment - EKF3'>
    <description>Angular Alignment - EKF3</description>
    <expression>XKF4.errRP XKF3.IYAW:2</expression>
    <expression>XKF4.errRP XKF3.IYAW:2 XKF9.errRP XKF8.IYAW:2</expression>
  </graph>

  <graph name='EKF/Airspeed Innovation'>
  <expression>XKF3.IVT XKF8.IVT </expression>
    <description>Airspeed Innovation</description>
    <expression>NKF3.IVT XKF3.IVT </expression>
    <expression>NKF3.IVT</expression>
  </graph>

   <graph name='EKF/Velocity NE'>
    <description>Velocity NE</description>
    <expression>XKF1.VN XKF1.VE XKF6.VN XKF6.VE</expression>
    <expression>EKF1.VN EKF1.VE XKF1.VN XKF1.VE</expression>
    <expression>EKF1.VN EKF1.V</expression>
  </graph>

  <graph name='EKF/Position NE'>
    <description>Velocity NE</description>
    <expression>XKF1.PN XKF1.PE XKF6.PN XKF6.PE</expression>
    <expression>EKF1.PN EKF1.PE XKF1.PN XKF1.PE</expression>
    <expression>EKF1.PN EKF1.PE</expression>
  </graph>

  <graph name='EKF/Vertical Pos Vel'>
    <description>Vertical Pos Vel</description>
    <expression>CTUN.BarAlt XKF1.PD*-1 XKF1.VD*-1:2 XKF6.PD*-1 XKF6.VD*-1:2</expression>
    <expression>CTUN.BarAlt EKF1.PD*-1 EKF1.VD*-1:2 XKF1.PD*-1 XKF1.VD*-1:2</expression>
    <expression>CTUN.BarAlt EKF1.PD*-1 EKF1.VD*-1:2</expression>
  </graph>

  <graph name='EKF/Euler Roll and Pitch'>
    <description>Roll and Pitch</description>
    <expression>AHR2.Roll AHR2.Pitch XKF1.Roll XKF1.Pitch XKF6.Roll XKF6.Pitch</expression>
    <expression>EKF1.Roll EKF1.Pitch AHR2.Roll AHR2.Pitch XKF1.Roll XKF1.Pitch </expression>
    <expression>EKF1.Roll EKF1.Pitch AHR2.Roll AHR2.Pitch</expression>
  </graph>

  <graph name='EKF/Euler Roll'>
    <description>Euler Roll</description>
    <expression>AHR2.Roll XKF1.Roll XKF6.Roll</expression>
    <expression>EKF1.Roll AHR2.Roll XKF1.Roll</expression>
    <expression>EKF1.Roll AHR2.Roll</expression>
  </graph>

  <graph name='EKF/Euler Pitch'>
    <description>Euler Pitch</description>
    <expression> AHR2.Pitch XKF1.Pitch XKF6.Pitch </expression>
    <expression> EKF1.Pitch AHR2.Pitch XKF1.Pitch </expression>
    <expression>EKF1.Pitch AHR2.Pitch</expression>
  </graph>

  <graph name='EKF/Euler Yaw'>
    <description>Euler Yaw</description>
    <expression>AHR2.Yaw ATT.Yaw XKF1.Yaw XKF6.Yaw </expression>
    <expression>EKF1.Yaw AHR2.Yaw ATT.Yaw XKF1.Yaw </expression>
    <expression>EKF1.Yaw AHR2.Yaw ATT.Yaw</expression>
  </graph>

  <graph name='EKF/Velocity Innovations'>
    <description>Velocity Innovations</description>
    <expression>XKF3.IVN XKF3.IVE XKF3.IVD XKF8.IVN XKF8.IVE XKF8.IVD</expression>
    <expression>EKF3.IVN EKF3.IVE EKF3.IVD XKF3.IVN XKF3.IVE XKF3.IVD</expression>
    <expression>EKF3.IVN EKF3.IVE EKF3.IVD</expression>
  </graph>

  <graph name='EKF/Position Innovations'>
    <description>Position Innovations</description>
    <expression>XKF3.IPN XKF3.IPE XKF8.IPN XKF8.IPE</expression>
    <expression>EKF3.IPN EKF3.IPE XKF3.IPN XKF3.IPE</expression>
    <expression>EKF3.IPN EKF3.IPE</expression>
  </graph>

  <graph name='EKF/Height Innovations'>
    <description>Height Innovations</description>
    <expression>XKF3.IPD XKF8.IPD</expression>
    <expression>EKF3.IPD XKF3.IPD</expression>
    <expression>EKF3.IPD</expression>
  </graph>

  <graph name='EKF/Magnetometer Innovations'>
    <description>Magnetometer Innovations</description>
    <expression>XKF3.IMX XKF3.IMY XKF3.IMZ XKF3.IYAW:2 XKF8.IMX XKF8.IMY XKF8.IMZ XKF8.IYAW:2 </expression>
    <expression>EKF3.IMX EKF3.IMY EKF3.IMZ XKF3.IMX XKF3.IMY XKF3.IMZ XKF3.IYAW:2</expression>
    <expression>EKF3.IMX EKF3.IMY EKF3.IMZ</expression>
  </graph>

  <graph name='EKF/Magnetometer Innovation X'>
    <description>Magnetometer Innovation X</description>
    <expression>XKF3.IMX XKF8.IMX</expression>
    <expression>EKF3.IMX XKF3.IMX</expression>
    <expression>EKF3.IMX</expression>
  </graph>

  <graph name='EKF/Magnetometer Innovation Y'>
    <description>Magnetometer Innovation Y</description>
    <expression>XKF3.IMY XKF8.IMY</expression>
    <expression>EKF3.IMY XKF3.IMY</expression>
    <expression>EKF3.IMY</expression>
  </graph>

  <graph name='EKF/Magnetometer Innovation Z'>
    <description>Magnetometer Innovation Z</description>
    <expression>XKF3.IMZ XKF8.IMZ</expression>
    <expression>EKF3.IMZ XKF3.IMZ</expression>
    <expression>EKF3.IMZ</expression>
  </graph>

  <graph name='EKF/Magnetometer Innovations - EKF1'>
    <description>Magnetometer Innovations - EKF1</description>
    <expression>EKF3.IMX EKF3.IMY EKF3.IMZ</expression>
  </graph>

  <graph name='EKF/Magnetometer Innovations - EKF3'>
    <description>Magnetometer Innovations - EKF3</description>
    <expression>XKF3.IMX XKF3.IMY XKF3.IMZ XKF3.IYAW:2 XKF8.IMX XKF8.IMY XKF8.IMZ XKF8.IYAW:2</expression>
    <expression>XKF3.IMX XKF3.IMY XKF3.IMZ XKF3.IYAW:2</expression>
  </graph>

  <graph name='EKF/Magnetometer Body Field'>
    <description>Magnetometer Body Field</description>
    <expression>XKF2.MX XKF2.MY XKF2.MZ XKF7.MX XKF7.MY XKF7.MZ </expression>
    <expression>EKF3.MX EKF3.MY EKF3.MZ XKF2.MX XKF2.MY XKF2.MZ </expression>
    <expression>EKF3.MX EKF3.MY EKF3.MZ</expression>
  </graph>

  <graph name='EKF/Magnetometer Earth Field'>
    <description>Magnetometer Earth Field</description>
    <expression>XKF2.MN XKF2.ME XKF2.MD XKF7.MN XKF7.ME XKF7.MD</expression>
    <expression>EKF3.MN EKF3.ME EKF3.MD XKF2.MN XKF2.ME XKF2.MD</expression>
    <expression>EKF3.MN EKF3.ME EKF3.MD</expression>
  </graph>

  <graph name='EKF/Magnetic Declination'>
    <description>Magnetic Declination</description>
    <expression>degrees(atan2(XKF2.ME,XKF2.MN)) degrees(atan2(XKF7.ME,XKF7.MN))</expression>
    <expression>degrees(atan2(EKF3.ME,EKF3.MN)) degrees(atan2(XKF2.ME,XKF2.MN))</expression>
    <expression>degrees(atan2(EKF3.ME,EKF3.MN))</expression>
  </graph>

  <graph name='EKF/Gyro Bias'>
    <description>Gyro Bias</description>
    <expression>XKF1.GX XKF1.GY XKF1.GZ XKF6.GX XKF6.GY XKF6.GZ</expression>
    <expression>EKF1.GX EKF1.GY EKF1.GZ XKF1.GX XKF1.GY XKF1.GZ</expression>
    <expression>EKF1.GX EKF1.GY EKF1.GZ</expression>
  </graph>

  <graph name='EKF/Gyro Scale Factor'>
    <description>Gyro Scale Factor</description>
    <expression>XKF2.GSX XKF2.GSY XKF2.GSZ XKF7.GSX XKF7.GSY XKF7.GSZ</expression>
    <expression>XKF2.GSX XKF2.GSY XKF2.GSZ</expression>
  </graph>

  <graph name='EKF/Wind Velocity NE'>
    <description>Wind Velocity NE</description>
    <expression>XKF2.VWN XKF2.VWE XKF7.VWN XKF7.VWE</expression>
    <expression>EKF3.VWN EKF3.VWE XKF2.VWN XKF2.VWE</expression>
    <expression>EKF3.VWN EKF3.VWE</expression>
  </graph>

  <graph name='EKF/Wind Speed and Direction'>
    <description>Wind Velocity NE</description>
    <expression>sqrt(sqrt(XKF2.VWN**2+XKF2.VWE**2) wrap_360(degrees(atan2(-XKF2.VWE,-XKF2.VWN))):2 sqrt(XKF7.VWN**2+XKF7.VWE**2) wrap_360(degrees(atan2(-XKF7.VWE,-XKF7.VWN))):2</expression>
    <expression>sqrt(EKF3.VWN**2+EKF3.VWE**2) wrap_360(degrees(atan2(-EKF3.VWE,-EKF3.VWN))):2 sqrt(XKF2.VWN**2+XKF2.VWE**2) wrap_360(degrees(atan2(-XKF2.VWE,-XKF2.VWN))):2</expression>
    <expression>sqrt(EKF3.VWN**2+EKF3.VWE**2) wrap_360(degrees(atan2(-EKF3.VWE,-EKF3.VWN))):2</expression>
  </graph>

  <graph name='EKF/Accel Bias'>
    <description>Accel Bias</description>
    <expression>XKF2.AZbias XKF7.AZbias </expression>
    <expression>EKF3.AZ1bias EKF3.AZ2bias EKF3.Ratio:2 XKF2.AZbias </expression>
    <expression>EKF3.AZ1bias EKF3.AZ2bias EKF3.Ratio:2</expression>
  </graph>

  <graph name='EKF/Solution Status'>
    <description>Solution Status</description>
    <expression>XKF4.SS XKF9.SS </expression>
    <expression>EKF4.SS XKF4.SS </expression>
    <expression>EKF4.SS</expression>
  </graph>

  <graph name='EKF/GPS Check Status'>
    <description>GPS Check Status</description>
    <expression>XKF4.GPS XKF9.GPS </expression>
    <expression>EKF4.GPS XKF4.GPS </expression>
    <expression>EKF4.GPS</expression>
  </graph>

  <graph name='EKF/Vertical Position Derivative'>
    <description>Vertical Position Derivative</description>
    <expression>XKF1.dPD XKF1.VD XKF6.dPD XKF6.VD</expression>
    <expression>EKF1.dPD EKF1.VD XKF1.dPD XKF1.VD</expression>
    <expression>EKF1.dPD EKF1.VD</expression>
  </graph>

  <graph name='EKF/Optical Flow Innovations'>
    <description>Optical Flow Innovations</description>
    <expression>EKF5.FIX EKF5.FIY EKF5.AFI XKF5.FIX XKF5.FIY XKF5.AFI</expression>
    <expression>XKF5.FIX XKF5.FIY XKF5.AFI</expression>
    <expression>EKF5.FIX EKF5.FIY EKF5.AFI</expression>
  </graph>

  <graph name='EKF/Normalised Optical Flow Innovations'>
    <description>Normalised Optical Flow Innovations</description>
    <expression>EKF5.normInnov XKF5.normInnov</expression>
    <expression>XKF5.normInnov</expression>
    <expression>EKF5.normInnov</expression>
  </graph>

  <graph name='EKF/Range Innovations'>
    <description>Range Innovations</description>
    <expression>EKF5.RI XKF5.RI</expression>
    <expression>XKF5.RI</expression>
    <expression>EKF5.RI</expression>
  </graph>

  <graph name='EKF/Height Above Ground - EKF1'>
    <description>Height Above Ground</description>
    <expression>EKF5.HAGL EKF5.errHAGL EKF5.meaRng EKF5.offset</expression>
  </graph>

  <graph name='EKF/Height Above Ground - EKF3'>
    <description>Height Above Ground</description>
    <expression>XKF5.HAGL XKF5.errHAGL XKF5.meaRng XKF5.offset</expression>
  </graph>

  <graph name='EKF/Magnetometer Selection - EKF3'>
    <description>Magnetometer Selection</description>
    <expression>XKF2.MI XKF7.MI</expression>
    <expression>XKF2.MI</expression>
  </graph>

  <graph name='EKF/EKF3 Primary Core'>
    <description>Magnetometer Selection</description>
    <expression>XKF4.PI XKF9.PI</expression>
    <expression>XKF4.PI</expression>
  </graph>

</graphs>
