<graphs>
  <graph name='EKF/Normalised GPS Innovations'>
    <description>Normalised GPS Innovations</description>
    <expression>NKF4.SV NKF4.SP NKF9.SV NKF9.SP</expression>
    <expression>EKF4.SV EKF4.SP NKF4.SV NKF4.SP</expression>
    <expression>EKF4.SV EKF4.SP</expression>
  </graph>

  <graph name='EKF/Normalised GPS Innovations - EKF1'>
    <description>Normalised GPS Innovations - EKF1</description>
    <expression>EKF4.SV EKF4.SP</expression>
  </graph>

  <graph name='EKF/Normalised GPS Innovations - EKF2'>
  <expression>NKF4.SV NKF4.SP NKF9.SV NKF9.SP</expression>
    <description>Normalised GPS Innovations - EKF2</description>
    <expression>NKF4.SV NKF4.SP</expression>
  </graph>

  <graph name='EKF/Normalised Innovations - EKF1'>
    <description>Normalised Innovations - EKF1</description>
    <expression>EKF4.SV EKF4.SP EKF4.SH sqrt(EKF4.SMX*EKF4.SMX+EKF4.SMY*EKF4.SMY+EKF4.SMZ*EKF4.SMZ) EKF4.SVT</expression>
  </graph>

  <graph name='EKF/Normalised Innovations - EKF2'>
    <description>Normalised Innovations - EKF2</description>
    <expression>NKF4.SV NKF4.SP NKF4.SH NKF4.SM NKF4.SVT NKF9.SV NKF9.SP NKF9.SH NKF9.SM NKF9.SVT</expression>
    <expression>NKF4.SV NKF4.SP NKF4.SH NKF4.SM NKF4.SVT</expression>
  </graph>

  <graph name='EKF/Normalised Altimeter Innovations'>
    <description>Normalised Altimeter Innovations</description>
    <expression>NKF4.SH NKF9.SH</expression>
    <expression>EKF4.SH NKF4.SH</expression>
    <expression>EKF4.SH</expression>
  </graph>

  <graph name='EKF/Normalised Airspeed Innovations'>
    <description>Normalised Airspeed Innovations</description>
    <expression>EKF4.SVT NKF4.SVT</expression>
    <expression>EKF4.SVT</expression>
    <expression>NKF4.SVT NKF9.SVT</expression>
  </graph>

  <graph name='EKF/Normalised Magnetometer Innovations'>
  <expression>NKF4.SMX NKF4.SMY EKF9.SMZ NKF9.SM</expression>
    <description>Normalised Magnetometer Innovations</description>
    <expression>EKF4.SMX EKF4.SMY EKF4.SMZ NKF4.SM</expression>
    <expression>EKF4.SMX EKF4.SMY EKF4.SMZ</expression>
  </graph>

  <graph name='EKF/Normalised Magnetometer Innovations - EKF1'>
    <description>Normalised Magnetometer Innovations - EKF1</description>
    <expression>EKF4.SMX EKF4.SMY EKF4.SMZ</expression>
  </graph>

  <graph name='EKF/Normalised Magnetometer Innovations - EKF2'>
    <description>Normalised Magnetometer Innovations - EKF2</description>
    <expression>NKF4.SM NKF9.SM</expression>
    <expression>NKF4.SM</expression>
  </graph>

  <graph name='EKF/Angular Alignment - EKF2'>
    <description>Angular Alignment - EKF2</description>
    <expression>NKF4.errRP NKF3.IYAW:2</expression>
    <expression>NKF4.errRP NKF3.IYAW:2 NKF9.errRP NKF8.IYAW:2</expression>
  </graph>

  <graph name='EKF/Airspeed Innovation'>
  <expression>NKF3.IVT NKF8.IVT </expression>
    <description>Airspeed Innovation</description>
    <expression>EKF3.IVT NKF3.IVT </expression>
    <expression>EKF3.IVT</expression>
  </graph>

   <graph name='EKF/Velocity NE'>
    <description>Velocity NE</description>
    <expression>NKF1.VN NKF1.VE NKF6.VN NKF6.VE</expression>
    <expression>EKF1.VN EKF1.VE NKF1.VN NKF1.VE</expression>
    <expression>EKF1.VN EKF1.V</expression>
  </graph>

  <graph name='EKF/Position NE'>
    <description>Velocity NE</description>
    <expression>NKF1.PN NKF1.PE NKF6.PN NKF6.PE</expression>
    <expression>EKF1.PN EKF1.PE NKF1.PN NKF1.PE</expression>
    <expression>EKF1.PN EKF1.PE</expression>
  </graph>

  <graph name='EKF/Vertical Pos Vel'>
    <description>Vertical Pos Vel</description>
    <expression>CTUN.BarAlt NKF1.PD*-1 NKF1.VD*-1:2 NKF6.PD*-1 NKF6.VD*-1:2</expression>
    <expression>CTUN.BarAlt EKF1.PD*-1 EKF1.VD*-1:2 NKF1.PD*-1 NKF1.VD*-1:2</expression>
    <expression>CTUN.BarAlt EKF1.PD*-1 EKF1.VD*-1:2</expression>
  </graph>

  <graph name='EKF/Euler Roll and Pitch'>
    <description>Roll and Pitch</description>
    <expression>AHR2.Roll AHR2.Pitch NKF1.Roll NKF1.Pitch NKF6.Roll NKF6.Pitch</expression>
    <expression>EKF1.Roll EKF1.Pitch AHR2.Roll AHR2.Pitch NKF1.Roll NKF1.Pitch </expression>
    <expression>EKF1.Roll EKF1.Pitch AHR2.Roll AHR2.Pitch</expression>
  </graph>

  <graph name='EKF/Euler Roll'>
    <description>Euler Roll</description>
    <expression>AHR2.Roll NKF1.Roll NKF6.Roll</expression>
    <expression>EKF1.Roll AHR2.Roll NKF1.Roll</expression>
    <expression>EKF1.Roll AHR2.Roll</expression>
  </graph>

  <graph name='EKF/Euler Pitch'>
    <description>Euler Pitch</description>
    <expression> AHR2.Pitch NKF1.Pitch NKF6.Pitch </expression>
    <expression> EKF1.Pitch AHR2.Pitch NKF1.Pitch </expression>
    <expression>EKF1.Pitch AHR2.Pitch</expression>
  </graph>

  <graph name='EKF/Euler Yaw'>
    <description>Euler Yaw</description>
    <expression>AHR2.Yaw ATT.Yaw NKF1.Yaw NKF6.Yaw </expression>
    <expression>EKF1.Yaw AHR2.Yaw ATT.Yaw NKF1.Yaw </expression>
    <expression>EKF1.Yaw AHR2.Yaw ATT.Yaw</expression>
  </graph>

  <graph name='EKF/Velocity Innovations'>
    <description>Velocity Innovations</description>
    <expression>NKF3.IVN NKF3.IVE NKF3.IVD NKF8.IVN NKF8.IVE NKF8.IVD</expression>
    <expression>EKF3.IVN EKF3.IVE EKF3.IVD NKF3.IVN NKF3.IVE NKF3.IVD</expression>
    <expression>EKF3.IVN EKF3.IVE EKF3.IVD</expression>
  </graph>

  <graph name='EKF/Position Innovations'>
    <description>Position Innovations</description>
    <expression>NKF3.IPN NKF3.IPE NKF8.IPN NKF8.IPE</expression>
    <expression>EKF3.IPN EKF3.IPE NKF3.IPN NKF3.IPE</expression>
    <expression>EKF3.IPN EKF3.IPE</expression>
  </graph>

  <graph name='EKF/Height Innovations'>
    <description>Height Innovations</description>
    <expression>NKF3.IPD NKF8.IPD</expression>
    <expression>EKF3.IPD NKF3.IPD</expression>
    <expression>EKF3.IPD</expression>
  </graph>

  <graph name='EKF/Magnetometer Innovations'>
    <description>Magnetometer Innovations</description>
    <expression>NKF3.IMX NKF3.IMY NKF3.IMZ NKF3.IYAW:2 NKF8.IMX NKF8.IMY NKF8.IMZ NKF8.IYAW:2 </expression>
    <expression>EKF3.IMX EKF3.IMY EKF3.IMZ NKF3.IMX NKF3.IMY NKF3.IMZ NKF3.IYAW:2</expression>
    <expression>EKF3.IMX EKF3.IMY EKF3.IMZ</expression>
  </graph>

  <graph name='EKF/Magnetometer Innovation X'>
    <description>Magnetometer Innovation X</description>
    <expression>NKF3.IMX NKF8.IMX</expression>
    <expression>EKF3.IMX NKF3.IMX</expression>
    <expression>EKF3.IMX</expression>
  </graph>

  <graph name='EKF/Magnetometer Innovation Y'>
    <description>Magnetometer Innovation Y</description>
    <expression>NKF3.IMY NKF8.IMY</expression>
    <expression>EKF3.IMY NKF3.IMY</expression>
    <expression>EKF3.IMY</expression>
  </graph>

  <graph name='EKF/Magnetometer Innovation Z'>
    <description>Magnetometer Innovation Z</description>
    <expression>NKF3.IMZ NKF8.IMZ</expression>
    <expression>EKF3.IMZ NKF3.IMZ</expression>
    <expression>EKF3.IMZ</expression>
  </graph>

  <graph name='EKF/Magnetometer Innovations - EKF1'>
    <description>Magnetometer Innovations - EKF1</description>
    <expression>EKF3.IMX EKF3.IMY EKF3.IMZ</expression>
  </graph>

  <graph name='EKF/Magnetometer Innovations - EKF2'>
    <description>Magnetometer Innovations - EKF2</description>
    <expression>NKF3.IMX NKF3.IMY NKF3.IMZ NKF3.IYAW:2 NKF8.IMX NKF8.IMY NKF8.IMZ NKF8.IYAW:2</expression>
    <expression>NKF3.IMX NKF3.IMY NKF3.IMZ NKF3.IYAW:2</expression>
  </graph>

  <graph name='EKF/Magnetometer Body Field'>
    <description>Magnetometer Body Field</description>
    <expression>NKF2.MX NKF2.MY NKF2.MZ NKF7.MX NKF7.MY NKF7.MZ </expression>
    <expression>EKF2.MX EKF2.MY EKF2.MZ NKF2.MX NKF2.MY NKF2.MZ </expression>
    <expression>EKF2.MX EKF2.MY EKF2.MZ</expression>
  </graph>

  <graph name='EKF/Magnetometer Earth Field'>
    <description>Magnetometer Earth Field</description>
    <expression>NKF2.MN NKF2.ME NKF2.MD NKF7.MN NKF7.ME NKF7.MD</expression>
    <expression>EKF2.MN EKF2.ME EKF2.MD NKF2.MN NKF2.ME NKF2.MD</expression>
    <expression>EKF2.MN EKF2.ME EKF2.MD</expression>
  </graph>

  <graph name='EKF/Magnetic Declination'>
    <description>Magnetic Declination</description>
    <expression>degrees(atan2(NKF2.ME,NKF2.MN)) degrees(atan2(NKF7.ME,NKF7.MN))</expression>
    <expression>degrees(atan2(EKF2.ME,EKF2.MN)) degrees(atan2(NKF2.ME,NKF2.MN))</expression>
    <expression>degrees(atan2(EKF2.ME,EKF2.MN))</expression>
  </graph>

  <graph name='EKF/Gyro Bias'>
    <description>Gyro Bias</description>
    <expression>NKF1.GX NKF1.GY NKF1.GZ NKF6.GX NKF6.GY NKF6.GZ</expression>
    <expression>EKF1.GX EKF1.GY EKF1.GZ NKF1.GX NKF1.GY NKF1.GZ</expression>
    <expression>EKF1.GX EKF1.GY EKF1.GZ</expression>
  </graph>

  <graph name='EKF/Gyro Scale Factor'>
    <description>Gyro Scale Factor</description>
    <expression>NKF2.GSX NKF2.GSY NKF2.GSZ NKF7.GSX NKF7.GSY NKF7.GSZ</expression>
    <expression>NKF2.GSX NKF2.GSY NKF2.GSZ</expression>
  </graph>

  <graph name='EKF/Wind Velocity NE'>
    <description>Wind Velocity NE</description>
    <expression>NKF2.VWN NKF2.VWE NKF7.VWN NKF7.VWE</expression>
    <expression>EKF2.VWN EKF2.VWE NKF2.VWN NKF2.VWE</expression>
    <expression>EKF2.VWN EKF2.VWE</expression>
  </graph>

  <graph name='EKF/Wind Speed and Direction'>
    <description>Wind Velocity NE</description>
    <expression>sqrt(sqrt(NKF2.VWN**2+NKF2.VWE**2) wrap_360(degrees(atan2(-NKF2.VWE,-NKF2.VWN))):2 sqrt(NKF7.VWN**2+NKF7.VWE**2) wrap_360(degrees(atan2(-NKF7.VWE,-NKF7.VWN))):2</expression>
    <expression>sqrt(EKF2.VWN**2+EKF2.VWE**2) wrap_360(degrees(atan2(-EKF2.VWE,-EKF2.VWN))):2 sqrt(NKF2.VWN**2+NKF2.VWE**2) wrap_360(degrees(atan2(-NKF2.VWE,-NKF2.VWN))):2</expression>
    <expression>sqrt(EKF2.VWN**2+EKF2.VWE**2) wrap_360(degrees(atan2(-EKF2.VWE,-EKF2.VWN))):2</expression>
  </graph>

  <graph name='EKF/Accel Bias'>
    <description>Accel Bias</description>
    <expression>NKF2.AZbias NKF7.AZbias </expression>
    <expression>EKF2.AZ1bias EKF2.AZ2bias EKF2.Ratio:2 NKF2.AZbias </expression>
    <expression>EKF2.AZ1bias EKF2.AZ2bias EKF2.Ratio:2</expression>
  </graph>

  <graph name='EKF/Solution Status'>
    <description>Solution Status</description>
    <expression>NKF4.SS NKF9.SS </expression>
    <expression>EKF4.SS NKF4.SS </expression>
    <expression>EKF4.SS</expression>
  </graph>

  <graph name='EKF/GPS Check Status'>
    <description>GPS Check Status</description>
    <expression>NKF4.GPS NKF9.GPS </expression>
    <expression>EKF4.GPS NKF4.GPS </expression>
    <expression>EKF4.GPS</expression>
  </graph>

  <graph name='EKF/Vertical Position Derivative'>
    <description>Vertical Position Derivative</description>
    <expression>NKF1.dPD NKF1.VD NKF6.dPD NKF6.VD</expression>
    <expression>EKF1.dPD EKF1.VD NKF1.dPD NKF1.VD</expression>
    <expression>EKF1.dPD EKF1.VD</expression>
  </graph>

  <graph name='EKF/Optical Flow Innovations'>
    <description>Optical Flow Innovations</description>
    <expression>EKF5.FIX EKF5.FIY EKF5.AFI NKF5.FIX NKF5.FIY NKF5.AFI</expression>
    <expression>NKF5.FIX NKF5.FIY NKF5.AFI</expression>
    <expression>EKF5.FIX EKF5.FIY EKF5.AFI</expression>
  </graph>

  <graph name='EKF/Normalised Optical Flow Innovations'>
    <description>Normalised Optical Flow Innovations</description>
    <expression>EKF5.normInnov NKF5.normInnov</expression>
    <expression>NKF5.normInnov</expression>
    <expression>EKF5.normInnov</expression>
  </graph>

  <graph name='EKF/Range Innovations'>
    <description>Range Innovations</description>
    <expression>EKF5.RI NKF5.RI</expression>
    <expression>NKF5.RI</expression>
    <expression>EKF5.RI</expression>
  </graph>

  <graph name='EKF/Height Above Ground - EKF1'>
    <description>Height Above Ground</description>
    <expression>EKF5.HAGL EKF5.errHAGL EKF5.meaRng EKF5.offset</expression>
  </graph>

  <graph name='EKF/Height Above Ground - EKF2'>
    <description>Height Above Ground</description>
    <expression>NKF5.HAGL NKF5.errHAGL NKF5.meaRng NKF5.offset</expression>
  </graph>

  <graph name='EKF/Magnetometer Selection - EKF2'>
    <description>Magnetometer Selection</description>
    <expression>NKF2.MI NKF7.MI</expression>
    <expression>NKF2.MI</expression>
  </graph>

  <graph name='EKF/EKF2 Primary Core'>
    <description>Magnetometer Selection</description>
    <expression>NKF4.PI NKF9.PI</expression>
    <expression>NKF4.PI</expression>
  </graph>

  <graph name='EKF/Normalised Innovations EK2 Lane1'>
    <description></description>
    <expression>NKF4.SV NKF4.SP NKF4.SH NKF4.SM NKF4.SVT</expression>
  </graph>

  <graph name='EKF/Normalised Innovations EK2 Lane2'>
    <description></description>
    <expression>NKF9.SV NKF9.SP NKF9.SH NKF9.SM NKF9.SVT</expression>
  </graph>

</graphs>
